INSERT INTO currencies (id, code, name, exchange_rate_to_base, is_active, created_at, updated_at)
VALUES
    ('c0c0c0c0-0000-4000-a000-000000000001', 'RON', 'Romanian Leu', 1.000000, true, CURRENT_TIMESTAMP, CURRENT_TIMESTAMP),
    ('c0c0c0c0-0000-4000-a000-000000000002', 'EUR', 'Euro', 4.970000, true, CURRENT_TIMESTAMP, CURRENT_TIMESTAMP),
    ('c0c0c0c0-0000-4000-a000-000000000003', 'USD', 'US Dollar', 4.560000, true, CURRENT_TIMESTAMP, CURRENT_TIMESTAMP),
    ('c0c0c0c0-0000-4000-a000-000000000004', 'GBP', 'British Pound', 5.820000, true, CURRENT_TIMESTAMP, CURRENT_TIMESTAMP)
ON CONFLICT (id) DO NOTHING;

INSERT INTO brokers (id, broker_code, name, email, phone, status, commission_percentage, created_at, updated_at)
VALUES
    ('b0b0b0b0-0000-4000-a000-000000000001', 'BRK-001', 'Alpha Brokers', 'alpha@brokers.com', '+40711111111', 'ACTIVE', 0.05, CURRENT_TIMESTAMP, CURRENT_TIMESTAMP),
    ('b0b0b0b0-0000-4000-a000-000000000002', 'BRK-002', 'Beta Insurance', 'beta@brokers.com', '+40722222222', 'ACTIVE', 0.04, CURRENT_TIMESTAMP, CURRENT_TIMESTAMP),
    ('b0b0b0b0-0000-4000-a000-000000000003', 'BRK-003', 'Gamma Associates', 'gamma@brokers.com', '+40733333333', 'ACTIVE', 0.06, CURRENT_TIMESTAMP, CURRENT_TIMESTAMP),
    ('b0b0b0b0-0000-4000-a000-000000000004', 'BRK-004', 'Delta Partners', 'delta@brokers.com', '+40744444444', 'ACTIVE', 0.055, CURRENT_TIMESTAMP, CURRENT_TIMESTAMP),
    ('b0b0b0b0-0000-4000-a000-000000000005', 'BRK-005', 'Epsilon Group', 'epsilon@brokers.com', '+37369999999', 'ACTIVE', 0.045, CURRENT_TIMESTAMP, CURRENT_TIMESTAMP)
ON CONFLICT (id) DO NOTHING;

INSERT INTO clients (id, client_type, name, identification_number, email, phone, street, city, county, postal_code, country, created_at, updated_at)
VALUES
    ('d1d1d1d1-0000-4000-a000-000000000001', 'INDIVIDUAL', 'Ion Popescu', '1234567890123', 'ion@example.com', '+40740000001', 'Str. Florilor', 'Bucuresti', 'Bucuresti', '010101', 'Romania', CURRENT_TIMESTAMP, CURRENT_TIMESTAMP),
    ('d1d1d1d1-0000-4000-a000-000000000002', 'INDIVIDUAL', 'Maria Ionescu', '2234567890123', 'maria@example.com', '+40740000002', 'Str. Libertatii', 'Cluj-Napoca', 'Cluj', '400001', 'Romania', CURRENT_TIMESTAMP, CURRENT_TIMESTAMP),
    ('d1d1d1d1-0000-4000-a000-000000000003', 'COMPANY', 'Construct SRL', '3234567890123', 'office@construct.ro', '+40740000003', 'Str. Industriala', 'Timisoara', 'Timis', '300001', 'Romania', CURRENT_TIMESTAMP, CURRENT_TIMESTAMP),
    ('d1d1d1d1-0000-4000-a000-000000000004', 'INDIVIDUAL', 'Ana Rusu', '4234567890123', 'ana@example.com', '+37360000001', 'Str. Independenței', 'Chisinau', 'Chisinau', 'MD2001', 'Moldova', CURRENT_TIMESTAMP, CURRENT_TIMESTAMP),
    ('d1d1d1d1-0000-4000-a000-000000000005', 'COMPANY', 'TechPark SA', '5234567890123', 'contact@techpark.ro', '+40740000005', 'Str. Aviatiei', 'Cluj-Napoca', 'Cluj', '400002', 'Romania', CURRENT_TIMESTAMP, CURRENT_TIMESTAMP),
    ('d1d1d1d1-0000-4000-a000-000000000006', 'INDIVIDUAL', 'Vasile Munteanu', '6234567890123', 'vasile@example.com', '+40740000006', 'Str. Unirii', 'Iasi', 'Iasi', '700001', 'Romania', CURRENT_TIMESTAMP, CURRENT_TIMESTAMP),
    ('d1d1d1d1-0000-4000-a000-000000000007', 'COMPANY', 'Agro Moldova SRL', '7234567890123', 'info@agromoldova.md', '+37360000007', 'Str. Agricultorilor', 'Balti', 'Balti', 'MD3001', 'Moldova', CURRENT_TIMESTAMP, CURRENT_TIMESTAMP),
    ('d1d1d1d1-0000-4000-a000-000000000008', 'INDIVIDUAL', 'Elena Dumitrescu', '8234567890123', 'elena@example.com', '+40740000008', 'Str. Victoriei', 'Sector 3', 'Bucuresti', '030101', 'Romania', CURRENT_TIMESTAMP, CURRENT_TIMESTAMP)
ON CONFLICT (id) DO NOTHING;

INSERT INTO buildings (id, owner_id, street, street_number, city_id, construction_year, building_type, number_of_floors, surface_area, insured_value, flood_zone, earthquake_risk_zone, created_at, updated_at)
VALUES
    ('e1e1e1e1-0000-4000-a000-000000000001', 'd1d1d1d1-0000-4000-a000-000000000001', 'Str. A', '1', 'f1d2c3b4-5a6b-4c8d-9e0f-112233445566', 2010, 'RESIDENTIAL', 2, 120.00, 150000.00, false, false, CURRENT_TIMESTAMP, CURRENT_TIMESTAMP),
    ('e1e1e1e1-0000-4000-a000-000000000002', 'd1d1d1d1-0000-4000-a000-000000000001', 'Str. B', '2', 'f1d2c3b4-5a6b-4c8d-9e0f-112233445566', 2015, 'RESIDENTIAL', 3, 180.00, 250000.00, false, true, CURRENT_TIMESTAMP, CURRENT_TIMESTAMP),
    ('e1e1e1e1-0000-4000-a000-000000000003', 'd1d1d1d1-0000-4000-a000-000000000001', 'Str. C', '3', 'aa6b5c4d-3e2f-4a1b-9c8d-776655443322', 2005, 'OFFICE', 5, 400.00, 500000.00, false, false, CURRENT_TIMESTAMP, CURRENT_TIMESTAMP),
    ('e1e1e1e1-0000-4000-a000-000000000004', 'd1d1d1d1-0000-4000-a000-000000000002', 'Str. D', '4', '1a2b3c4d-5e6f-4a8b-9c0d-1e2f3a4b5c6d', 2018, 'RESIDENTIAL', 1, 95.00, 120000.00, false, false, CURRENT_TIMESTAMP, CURRENT_TIMESTAMP),
    ('e1e1e1e1-0000-4000-a000-000000000005', 'd1d1d1d1-0000-4000-a000-000000000002', 'Str. E', '5', '1a2b3c4d-5e6f-4a8b-9c0d-1e2f3a4b5c6d', 2020, 'INDUSTRIAL', 2, 600.00, 800000.00, true, false, CURRENT_TIMESTAMP, CURRENT_TIMESTAMP),
    ('e1e1e1e1-0000-4000-a000-000000000006', 'd1d1d1d1-0000-4000-a000-000000000003', 'Str. F', '6', '7a6b5c4d-3e2f-4d1c-8b9a-0f1e2d3c4b5a', 2012, 'OFFICE', 4, 350.00, 400000.00, false, false, CURRENT_TIMESTAMP, CURRENT_TIMESTAMP),
    ('e1e1e1e1-0000-4000-a000-000000000007', 'd1d1d1d1-0000-4000-a000-000000000003', 'Str. G', '7', '3c2b1a0f-9e8d-4c7b-8a9b-0c1d2e3f4a5b', 2019, 'RESIDENTIAL', 2, 130.00, 180000.00, false, false, CURRENT_TIMESTAMP, CURRENT_TIMESTAMP),
    ('e1e1e1e1-0000-4000-a000-000000000008', 'd1d1d1d1-0000-4000-a000-000000000004', 'Str. H', '8', 'c0ffee00-1111-4a2b-9c3d-4e5f6a7b8c9d', 2017, 'RESIDENTIAL', 1, 85.00, 90000.00, false, false, CURRENT_TIMESTAMP, CURRENT_TIMESTAMP),
    ('e1e1e1e1-0000-4000-a000-000000000009', 'd1d1d1d1-0000-4000-a000-000000000004', 'Str. I', '9', 'c0ffee00-1111-4a2b-9c3d-4e5f6a7b8c9d', 2021, 'OFFICE', 3, 280.00, 350000.00, false, false, CURRENT_TIMESTAMP, CURRENT_TIMESTAMP),
    ('e1e1e1e1-0000-4000-a000-000000000010', 'd1d1d1d1-0000-4000-a000-000000000005', 'Str. J', '10', '1a2b3c4d-5e6f-4a8b-9c0d-1e2f3a4b5c6d', 2022, 'OFFICE', 6, 850.00, 1200000.00, false, false, CURRENT_TIMESTAMP, CURRENT_TIMESTAMP),
    ('e1e1e1e1-0000-4000-a000-000000000011', 'd1d1d1d1-0000-4000-a000-000000000005', 'Str. K', '11', '1a2b3c4d-5e6f-4a8b-9c0d-1e2f3a4b5c6d', 2023, 'INDUSTRIAL', 3, 1200.00, 1500000.00, false, true, CURRENT_TIMESTAMP, CURRENT_TIMESTAMP),
    ('e1e1e1e1-0000-4000-a000-000000000012', 'd1d1d1d1-0000-4000-a000-000000000006', 'Str. L', '12', '3c2b1a0f-9e8d-4c7b-8a9b-0c1d2e3f4a5b', 2016, 'RESIDENTIAL', 2, 140.00, 200000.00, false, false, CURRENT_TIMESTAMP, CURRENT_TIMESTAMP),
    ('e1e1e1e1-0000-4000-a000-000000000013', 'd1d1d1d1-0000-4000-a000-000000000006', 'Str. M', '13', '3c2b1a0f-9e8d-4c7b-8a9b-0c1d2e3f4a5b', 2014, 'OFFICE', 3, 320.00, 380000.00, false, false, CURRENT_TIMESTAMP, CURRENT_TIMESTAMP),
    ('e1e1e1e1-0000-4000-a000-000000000014', 'd1d1d1d1-0000-4000-a000-000000000007', 'Str. N', '14', '4e3d2c1b-0a9f-4e8d-8c7b-6a5b4c3d2e1a', 2011, 'INDUSTRIAL', 2, 900.00, 700000.00, true, false, CURRENT_TIMESTAMP, CURRENT_TIMESTAMP),
    ('e1e1e1e1-0000-4000-a000-000000000015', 'd1d1d1d1-0000-4000-a000-000000000007', 'Str. O', '15', '4e3d2c1b-0a9f-4e8d-8c7b-6a5b4c3d2e1a', 2013, 'OFFICE', 2, 250.00, 300000.00, false, false, CURRENT_TIMESTAMP, CURRENT_TIMESTAMP),
    ('e1e1e1e1-0000-4000-a000-000000000016', 'd1d1d1d1-0000-4000-a000-000000000008', 'Str. P', '16', '0b1c2d3e-4f5a-4b6c-8d9e-aabbccddeeff', 2009, 'RESIDENTIAL', 4, 200.00, 280000.00, false, true, CURRENT_TIMESTAMP, CURRENT_TIMESTAMP),
    ('e1e1e1e1-0000-4000-a000-000000000017', 'd1d1d1d1-0000-4000-a000-000000000008', 'Str. Q', '17', '0b1c2d3e-4f5a-4b6c-8d9e-aabbccddeeff', 2021, 'RESIDENTIAL', 1, 110.00, 160000.00, false, false, CURRENT_TIMESTAMP, CURRENT_TIMESTAMP),
    ('e1e1e1e1-0000-4000-a000-000000000018', 'd1d1d1d1-0000-4000-a000-000000000003', 'Str. R', '18', '7a6b5c4d-3e2f-4d1c-8b9a-0f1e2d3c4b5a', 2008, 'INDUSTRIAL', 1, 500.00, 450000.00, false, false, CURRENT_TIMESTAMP, CURRENT_TIMESTAMP),
    ('e1e1e1e1-0000-4000-a000-000000000019', 'd1d1d1d1-0000-4000-a000-000000000004', 'Str. S', '19', 'deadc0de-2222-4b3c-8d9e-1a2b3c4d5e6f', 2019, 'RESIDENTIAL', 2, 100.00, 110000.00, false, false, CURRENT_TIMESTAMP, CURRENT_TIMESTAMP),
    ('e1e1e1e1-0000-4000-a000-000000000020', 'd1d1d1d1-0000-4000-a000-000000000006', 'Str. T', '20', '6d5c4b3a-2f1e-4d0c-9b8a-7f6e5d4c3b2a', 2020, 'RESIDENTIAL', 1, 88.00, 105000.00, false, false, CURRENT_TIMESTAMP, CURRENT_TIMESTAMP)
ON CONFLICT (id) DO NOTHING;

INSERT INTO policies (id, policy_number, client_id, building_id, broker_id, currency_id, status, start_date, end_date, base_premium, final_premium, created_at, updated_at)
VALUES
    ('p1p1p1p1-0000-4000-a000-000000000001', 'POL-2025-001', 'd1d1d1d1-0000-4000-a000-000000000001', 'e1e1e1e1-0000-4000-a000-000000000001', 'b0b0b0b0-0000-4000-a000-000000000001', 'c0c0c0c0-0000-4000-a000-000000000001', 'ACTIVE', '2025-02-01', '2026-01-31', 1000.00, 1160.00, CURRENT_TIMESTAMP, CURRENT_TIMESTAMP),
    ('p1p1p1p1-0000-4000-a000-000000000002', 'POL-2025-002', 'd1d1d1d1-0000-4000-a000-000000000001', 'e1e1e1e1-0000-4000-a000-000000000002', 'b0b0b0b0-0000-4000-a000-000000000001', 'c0c0c0c0-0000-4000-a000-000000000001', 'ACTIVE', '2025-03-01', '2026-02-28', 1500.00, 1740.00, CURRENT_TIMESTAMP, CURRENT_TIMESTAMP),
    ('p1p1p1p1-0000-4000-a000-000000000003', 'POL-2025-003', 'd1d1d1d1-0000-4000-a000-000000000001', 'e1e1e1e1-0000-4000-a000-000000000003', 'b0b0b0b0-0000-4000-a000-000000000002', 'c0c0c0c0-0000-4000-a000-000000000002', 'ACTIVE', '2025-04-01', '2026-03-31', 3000.00, 3480.00, CURRENT_TIMESTAMP, CURRENT_TIMESTAMP),
    ('p1p1p1p1-0000-4000-a000-000000000004', 'POL-2025-004', 'd1d1d1d1-0000-4000-a000-000000000002', 'e1e1e1e1-0000-4000-a000-000000000004', 'b0b0b0b0-0000-4000-a000-000000000002', 'c0c0c0c0-0000-4000-a000-000000000001', 'ACTIVE', '2025-05-01', '2026-04-30', 800.00, 928.00, CURRENT_TIMESTAMP, CURRENT_TIMESTAMP),
    ('p1p1p1p1-0000-4000-a000-000000000005', 'POL-2025-005', 'd1d1d1d1-0000-4000-a000-000000000002', 'e1e1e1e1-0000-4000-a000-000000000005', 'b0b0b0b0-0000-4000-a000-000000000002', 'c0c0c0c0-0000-4000-a000-000000000003', 'ACTIVE', '2025-06-01', '2026-05-31', 5000.00, 5800.00, CURRENT_TIMESTAMP, CURRENT_TIMESTAMP),
    ('p1p1p1p1-0000-4000-a000-000000000006', 'POL-2025-006', 'd1d1d1d1-0000-4000-a000-000000000003', 'e1e1e1e1-0000-4000-a000-000000000006', 'b0b0b0b0-0000-4000-a000-000000000003', 'c0c0c0c0-0000-4000-a000-000000000002', 'ACTIVE', '2025-07-01', '2026-06-30', 2500.00, 2900.00, CURRENT_TIMESTAMP, CURRENT_TIMESTAMP),
    ('p1p1p1p1-0000-4000-a000-000000000007', 'POL-2025-007', 'd1d1d1d1-0000-4000-a000-000000000003', 'e1e1e1e1-0000-4000-a000-000000000007', 'b0b0b0b0-0000-4000-a000-000000000003', 'c0c0c0c0-0000-4000-a000-000000000001', 'ACTIVE', '2025-08-01', '2026-07-31', 1200.00, 1392.00, CURRENT_TIMESTAMP, CURRENT_TIMESTAMP),
    ('p1p1p1p1-0000-4000-a000-000000000008', 'POL-2025-008', 'd1d1d1d1-0000-4000-a000-000000000004', 'e1e1e1e1-0000-4000-a000-000000000008', 'b0b0b0b0-0000-4000-a000-000000000001', 'c0c0c0c0-0000-4000-a000-000000000002', 'ACTIVE', '2025-09-01', '2026-08-31', 600.00, 696.00, CURRENT_TIMESTAMP, CURRENT_TIMESTAMP),
    ('p1p1p1p1-0000-4000-a000-000000000009', 'POL-2025-009', 'd1d1d1d1-0000-4000-a000-000000000004', 'e1e1e1e1-0000-4000-a000-000000000009', 'b0b0b0b0-0000-4000-a000-000000000001', 'c0c0c0c0-0000-4000-a000-000000000003', 'ACTIVE', '2025-10-01', '2026-09-30', 2000.00, 2320.00, CURRENT_TIMESTAMP, CURRENT_TIMESTAMP),
    ('p1p1p1p1-0000-4000-a000-000000000010', 'POL-2025-010', 'd1d1d1d1-0000-4000-a000-000000000001', 'e1e1e1e1-0000-4000-a000-000000000001', 'b0b0b0b0-0000-4000-a000-000000000002', 'c0c0c0c0-0000-4000-a000-000000000001', 'DRAFT', '2025-11-01', '2026-10-31', 900.00, 900.00, CURRENT_TIMESTAMP, CURRENT_TIMESTAMP),
    ('p1p1p1p1-0000-4000-a000-000000000011', 'POL-2024-099', 'd1d1d1d1-0000-4000-a000-000000000002', 'e1e1e1e1-0000-4000-a000-000000000004', 'b0b0b0b0-0000-4000-a000-000000000003', 'c0c0c0c0-0000-4000-a000-000000000001', 'EXPIRED', '2024-01-01', '2024-12-31', 700.00, 812.00, CURRENT_TIMESTAMP, CURRENT_TIMESTAMP),
    ('p1p1p1p1-0000-4000-a000-000000000012', 'POL-2025-011', 'd1d1d1d1-0000-4000-a000-000000000005', 'e1e1e1e1-0000-4000-a000-000000000010', 'b0b0b0b0-0000-4000-a000-000000000004', 'c0c0c0c0-0000-4000-a000-000000000002', 'ACTIVE', '2025-02-15', '2026-02-14', 8000.00, 9280.00, CURRENT_TIMESTAMP, CURRENT_TIMESTAMP),
    ('p1p1p1p1-0000-4000-a000-000000000013', 'POL-2025-012', 'd1d1d1d1-0000-4000-a000-000000000005', 'e1e1e1e1-0000-4000-a000-000000000011', 'b0b0b0b0-0000-4000-a000-000000000004', 'c0c0c0c0-0000-4000-a000-000000000003', 'ACTIVE', '2025-03-20', '2026-03-19', 10000.00, 11600.00, CURRENT_TIMESTAMP, CURRENT_TIMESTAMP),
    ('p1p1p1p1-0000-4000-a000-000000000014', 'POL-2025-013', 'd1d1d1d1-0000-4000-a000-000000000006', 'e1e1e1e1-0000-4000-a000-000000000012', 'b0b0b0b0-0000-4000-a000-000000000003', 'c0c0c0c0-0000-4000-a000-000000000001', 'ACTIVE', '2025-04-10', '2026-04-09', 1300.00, 1508.00, CURRENT_TIMESTAMP, CURRENT_TIMESTAMP),
    ('p1p1p1p1-0000-4000-a000-000000000015', 'POL-2025-014', 'd1d1d1d1-0000-4000-a000-000000000006', 'e1e1e1e1-0000-4000-a000-000000000013', 'b0b0b0b0-0000-4000-a000-000000000004', 'c0c0c0c0-0000-4000-a000-000000000002', 'ACTIVE', '2025-05-15', '2026-05-14', 2400.00, 2784.00, CURRENT_TIMESTAMP, CURRENT_TIMESTAMP),
    ('p1p1p1p1-0000-4000-a000-000000000016', 'POL-2025-015', 'd1d1d1d1-0000-4000-a000-000000000007', 'e1e1e1e1-0000-4000-a000-000000000014', 'b0b0b0b0-0000-4000-a000-000000000005', 'c0c0c0c0-0000-4000-a000-000000000002', 'ACTIVE', '2025-06-20', '2026-06-19', 4500.00, 5220.00, CURRENT_TIMESTAMP, CURRENT_TIMESTAMP),
    ('p1p1p1p1-0000-4000-a000-000000000017', 'POL-2025-016', 'd1d1d1d1-0000-4000-a000-000000000007', 'e1e1e1e1-0000-4000-a000-000000000015', 'b0b0b0b0-0000-4000-a000-000000000005', 'c0c0c0c0-0000-4000-a000-000000000003', 'ACTIVE', '2025-07-25', '2026-07-24', 1800.00, 2088.00, CURRENT_TIMESTAMP, CURRENT_TIMESTAMP),
    ('p1p1p1p1-0000-4000-a000-000000000018', 'POL-2025-017', 'd1d1d1d1-0000-4000-a000-000000000008', 'e1e1e1e1-0000-4000-a000-000000000016', 'b0b0b0b0-0000-4000-a000-000000000002', 'c0c0c0c0-0000-4000-a000-000000000001', 'ACTIVE', '2025-08-10', '2026-08-09', 1700.00, 1972.00, CURRENT_TIMESTAMP, CURRENT_TIMESTAMP),
    ('p1p1p1p1-0000-4000-a000-000000000019', 'POL-2025-018', 'd1d1d1d1-0000-4000-a000-000000000008', 'e1e1e1e1-0000-4000-a000-000000000017', 'b0b0b0b0-0000-4000-a000-000000000001', 'c0c0c0c0-0000-4000-a000-000000000001', 'ACTIVE', '2025-09-15', '2026-09-14', 950.00, 1102.00, CURRENT_TIMESTAMP, CURRENT_TIMESTAMP),
    ('p1p1p1p1-0000-4000-a000-000000000020', 'POL-2025-019', 'd1d1d1d1-0000-4000-a000-000000000003', 'e1e1e1e1-0000-4000-a000-000000000018', 'b0b0b0b0-0000-4000-a000-000000000003', 'c0c0c0c0-0000-4000-a000-000000000003', 'ACTIVE', '2025-10-20', '2026-10-19', 3200.00, 3712.00, CURRENT_TIMESTAMP, CURRENT_TIMESTAMP),
    ('p1p1p1p1-0000-4000-a000-000000000021', 'POL-2025-020', 'd1d1d1d1-0000-4000-a000-000000000004', 'e1e1e1e1-0000-4000-a000-000000000019', 'b0b0b0b0-0000-4000-a000-000000000005', 'c0c0c0c0-0000-4000-a000-000000000002', 'ACTIVE', '2025-11-05', '2026-11-04', 750.00, 870.00, CURRENT_TIMESTAMP, CURRENT_TIMESTAMP),
    ('p1p1p1p1-0000-4000-a000-000000000022', 'POL-2025-021', 'd1d1d1d1-0000-4000-a000-000000000006', 'e1e1e1e1-0000-4000-a000-000000000020', 'b0b0b0b0-0000-4000-a000-000000000004', 'c0c0c0c0-0000-4000-a000-000000000001', 'ACTIVE', '2025-12-01', '2026-11-30', 680.00, 788.80, CURRENT_TIMESTAMP, CURRENT_TIMESTAMP),
    ('p1p1p1p1-0000-4000-a000-000000000023', 'POL-2025-022', 'd1d1d1d1-0000-4000-a000-000000000002', 'e1e1e1e1-0000-4000-a000-000000000005', 'b0b0b0b0-0000-4000-a000-000000000001', 'c0c0c0c0-0000-4000-a000-000000000004', 'ACTIVE', '2025-01-15', '2026-01-14', 6500.00, 7540.00, CURRENT_TIMESTAMP, CURRENT_TIMESTAMP),
    ('p1p1p1p1-0000-4000-a000-000000000024', 'POL-2025-023', 'd1d1d1d1-0000-4000-a000-000000000005', 'e1e1e1e1-0000-4000-a000-000000000010', 'b0b0b0b0-0000-4000-a000-000000000002', 'c0c0c0c0-0000-4000-a000-000000000001', 'DRAFT', '2025-12-15', '2026-12-14', 7800.00, 7800.00, CURRENT_TIMESTAMP, CURRENT_TIMESTAMP),
    ('p1p1p1p1-0000-4000-a000-000000000025', 'POL-2025-024', 'd1d1d1d1-0000-4000-a000-000000000003', 'e1e1e1e1-0000-4000-a000-000000000006', 'b0b0b0b0-0000-4000-a000-000000000005', 'c0c0c0c0-0000-4000-a000-000000000003', 'DRAFT', '2026-01-01', '2026-12-31', 2700.00, 2700.00, CURRENT_TIMESTAMP, CURRENT_TIMESTAMP),
    ('p1p1p1p1-0000-4000-a000-000000000026', 'POL-2024-098', 'd1d1d1d1-0000-4000-a000-000000000001', 'e1e1e1e1-0000-4000-a000-000000000002', 'b0b0b0b0-0000-4000-a000-000000000001', 'c0c0c0c0-0000-4000-a000-000000000001', 'EXPIRED', '2024-03-01', '2025-02-28', 1400.00, 1624.00, CURRENT_TIMESTAMP, CURRENT_TIMESTAMP),
    ('p1p1p1p1-0000-4000-a000-000000000027', 'POL-2024-097', 'd1d1d1d1-0000-4000-a000-000000000006', 'e1e1e1e1-0000-4000-a000-000000000012', 'b0b0b0b0-0000-4000-a000-000000000002', 'c0c0c0c0-0000-4000-a000-000000000002', 'EXPIRED', '2024-06-01', '2025-05-31', 1250.00, 1450.00, CURRENT_TIMESTAMP, CURRENT_TIMESTAMP),
    ('p1p1p1p1-0000-4000-a000-000000000028', 'POL-2025-025', 'd1d1d1d1-0000-4000-a000-000000000007', 'e1e1e1e1-0000-4000-a000-000000000014', 'b0b0b0b0-0000-4000-a000-000000000005', 'c0c0c0c0-0000-4000-a000-000000000001', 'CANCELLED', '2025-02-01', '2026-01-31', 4200.00, 4872.00, CURRENT_TIMESTAMP, CURRENT_TIMESTAMP),
    ('p1p1p1p1-0000-4000-a000-000000000029', 'POL-2025-026', 'd1d1d1d1-0000-4000-a000-000000000008', 'e1e1e1e1-0000-4000-a000-000000000016', 'b0b0b0b0-0000-4000-a000-000000000003', 'c0c0c0c0-0000-4000-a000-000000000002', 'CANCELLED', '2025-05-01', '2026-04-30', 1650.00, 1914.00, CURRENT_TIMESTAMP, CURRENT_TIMESTAMP),
    ('p1p1p1p1-0000-4000-a000-000000000030', 'POL-2025-027', 'd1d1d1d1-0000-4000-a000-000000000004', 'e1e1e1e1-0000-4000-a000-000000000019', 'b0b0b0b0-0000-4000-a000-000000000004', 'c0c0c0c0-0000-4000-a000-000000000003', 'ACTIVE', '2025-03-10', '2026-03-09', 720.00, 835.20, CURRENT_TIMESTAMP, CURRENT_TIMESTAMP)
ON CONFLICT (id) DO NOTHING;
